"DateTime";"Players"
"2022-02-08 00:00:00";532476
"2022-02-09 00:00:00";506946
"2022-02-10 00:00:00";507123
"2022-02-11 00:00:00";688736
"2022-02-12 00:00:00";1325305
"2022-02-13 00:00:00";1316854
"2022-02-14 00:00:00";1098921
"2022-02-15 00:00:00";1119642
"2022-02-16 00:00:00";1135765
"2022-02-17 00:00:00";1090827
"2022-02-18 00:00:00";1102515
"2022-02-19 00:00:00";1134663
"2022-02-20 00:00:00";1174722
"2022-02-21 00:00:00";1074677
"2022-02-22 00:00:00";993849
"2022-02-23 00:00:00";949460
"2022-02-24 00:00:00";915628
"2022-02-25 00:00:00";881133
"2022-02-26 00:00:00";930509
"2022-02-27 00:00:00";962906
"2022-02-28 00:00:00";856177
"2022-03-01 00:00:00";842508
"2022-03-02 00:00:00";819652
"2022-03-03 00:00:00";815473
"2022-03-04 00:00:00";759648
"2022-03-05 00:00:00";847376
"2022-03-06 00:00:00";908335
"2022-03-07 00:00:00";829633
"2022-03-08 00:00:00";822383
"2022-03-09 00:00:00";805722
"2022-03-10 00:00:00";679494
"2022-03-11 00:00:00";630067
"2022-03-12 00:00:00";646991
"2022-03-13 00:00:00";660051
"2022-03-14 00:00:00";591163
"2022-03-15 00:00:00";511063
"2022-03-16 00:00:00";519268
"2022-03-17 00:00:00";528089
"2022-03-18 00:00:00";486390
"2022-03-19 00:00:00";518719
"2022-03-20 00:00:00";537588
"2022-03-21 00:00:00";483641
"2022-03-22 00:00:00";460199
"2022-03-23 00:00:00";449751
"2022-03-24 00:00:00";413761
"2022-03-25 00:00:00";389102
"2022-03-26 00:00:00";402922
"2022-03-27 00:00:00";420758
"2022-03-28 00:00:00";369916
"2022-03-29 00:00:00";355086
"2022-03-30 00:00:00";336539
"2022-03-31 00:00:00";353933
"2022-04-01 00:00:00";347729
"2022-04-02 00:00:00";375010
"2022-04-03 00:00:00";399715
"2022-04-04 00:00:00";356506
"2022-04-05 00:00:00";359193
"2022-04-06 00:00:00";351755
"2022-04-07 00:00:00";367612
"2022-04-08 00:00:00";374802
"2022-04-09 00:00:00";401124
"2022-04-10 00:00:00";426706
"2022-04-11 00:00:00";405794
"2022-04-12 00:00:00";397493
"2022-04-13 00:00:00";369797
"2022-04-14 00:00:00";416018
"2022-04-15 00:00:00";441972
"2022-04-16 00:00:00";425987
"2022-04-17 00:00:00";462394
"2022-04-18 00:00:00";462085
"2022-04-19 00:00:00";462026
"2022-04-20 00:00:00";458832
"2022-04-21 00:00:00";393305
"2022-04-22 00:00:00";500139
"2022-04-23 00:00:00";536047
"2022-04-24 00:00:00";572602
"2022-04-25 00:00:00";556187
"2022-04-26 00:00:00";566673
"2022-04-27 00:00:00";560956
"2022-04-28 00:00:00";487900
"2022-04-29 00:00:00";499313
"2022-04-30 00:00:00";542609
"2022-05-01 00:00:00";586540
"2022-05-02 00:00:00";568246
"2022-05-03 00:00:00";567373
"2022-05-04 00:00:00";493101
"2022-05-05 00:00:00";573879
"2022-05-06 00:00:00";578536
"2022-05-07 00:00:00";588550
"2022-05-08 00:00:00";637078
"2022-05-09 00:00:00";623896
"2022-05-10 00:00:00";591542
"2022-05-11 00:00:00";574594
"2022-05-12 00:00:00";508050
"2022-05-13 00:00:00";423930
"2022-05-14 00:00:00";481919
"2022-05-15 00:00:00";563381
"2022-05-16 00:00:00";579329
"2022-05-17 00:00:00";583597
"2022-05-18 00:00:00";584612
"2022-05-19 00:00:00";524134
"2022-05-20 00:00:00";441528
"2022-05-21 00:00:00";440460
"2022-05-22 00:00:00";648260
"2022-05-23 00:00:00";646417
"2022-05-24 00:00:00";673024
"2022-05-25 00:00:00";668525
"2022-05-26 00:00:00";615744
"2022-05-27 00:00:00";733251
"2022-05-28 00:00:00";709234
"2022-05-29 00:00:00";704632
"2022-05-30 00:00:00";801364
"2022-05-31 00:00:00";737605
"2022-06-01 00:00:00";715223
"2022-06-02 00:00:00";666383
"2022-06-03 00:00:00";683981
"2022-06-04 00:00:00";708926
"2022-06-05 00:00:00";798621
"2022-06-06 00:00:00";819349
"2022-06-07 00:00:00";829155
"2022-06-08 00:00:00";837419
"2022-06-09 00:00:00";451615
"2022-06-10 00:00:00";800400
"2022-06-11 00:00:00";843598
"2022-06-12 00:00:00";885968
"2022-06-13 00:00:00";880727
"2022-06-14 00:00:00";873694
"2022-06-15 00:00:00";727629
"2022-06-16 00:00:00";605751
"2022-06-17 00:00:00";551016
"2022-06-18 00:00:00";449382
"2022-06-19 00:00:00";273010
"2022-06-20 00:00:00";279843
"2022-06-21 00:00:00";306156
"2022-06-22 00:00:00";301666
"2022-06-23 00:00:00";289060
"2022-06-24 00:00:00";360567
"2022-06-25 00:00:00";293284
"2022-06-26 00:00:00";348754
"2022-06-27 00:00:00";341678
"2022-06-28 00:00:00";283820
"2022-06-29 00:00:00";226472
"2022-06-30 00:00:00";186986
"2022-07-01 00:00:00";173512
"2022-07-02 00:00:00";215308
"2022-07-03 00:00:00";254128
"2022-07-04 00:00:00";274205
"2022-07-05 00:00:00";280685
"2022-07-06 00:00:00";283863
"2022-07-07 00:00:00";292516
"2022-07-08 00:00:00";278280
"2022-07-09 00:00:00";305384
"2022-07-10 00:00:00";313083
"2022-07-11 00:00:00";285210
"2022-07-12 00:00:00";268757
"2022-07-13 00:00:00";268748
"2022-07-14 00:00:00";251334
"2022-07-15 00:00:00";151989
"2022-07-16 00:00:00";170008
"2022-07-17 00:00:00";204940
"2022-07-18 00:00:00";201638
"2022-07-19 00:00:00";201865
"2022-07-20 00:00:00";164256
"2022-07-21 00:00:00";230377
"2022-07-22 00:00:00";242342
"2022-07-23 00:00:00";267406
"2022-07-24 00:00:00";290788
"2022-07-25 00:00:00";288234
"2022-07-26 00:00:00";290423
"2022-07-27 00:00:00";243626
"2022-07-28 00:00:00";296884
"2022-07-29 00:00:00";311828
"2022-07-30 00:00:00";334027
"2022-07-31 00:00:00";352852
"2022-08-01 00:00:00";352344
"2022-08-02 00:00:00";340560
"2022-08-03 00:00:00";281060
"2022-08-04 00:00:00";156805
"2022-08-05 00:00:00";252770
"2022-08-06 00:00:00";151541
"2022-08-07 00:00:00";185135
"2022-08-08 00:00:00";203445
"2022-08-09 00:00:00";220056
"2022-08-10 00:00:00";181785
"2022-08-11 00:00:00";116685
"2022-08-12 00:00:00";121437
"2022-08-13 00:00:00";131118
"2022-08-14 00:00:00";137042
"2022-08-15 00:00:00";133695
"2022-08-16 00:00:00";147840
"2022-08-17 00:00:00";171335
"2022-08-18 00:00:00";225391
"2022-08-19 00:00:00";239071
"2022-08-20 00:00:00";228162
"2022-08-21 00:00:00";248196
"2022-08-22 00:00:00";240933
"2022-08-23 00:00:00";227548
"2022-08-24 00:00:00";187040
"2022-08-25 00:00:00";224258
"2022-08-26 00:00:00";238427
"2022-08-27 00:00:00";252565
"2022-08-28 00:00:00";264904
"2022-08-29 00:00:00";245050
"2022-08-30 00:00:00";216840
"2022-08-31 00:00:00";209736
"2022-09-01 00:00:00";130010
"2022-09-02 00:00:00";110209
"2022-09-03 00:00:00";125197
"2022-09-04 00:00:00";173803
"2022-09-05 00:00:00";179091
"2022-09-06 00:00:00";172439
"2022-09-07 00:00:00";147981
"2022-09-08 00:00:00";118215
"2022-09-09 00:00:00";183977
"2022-09-10 00:00:00";197303
"2022-09-11 00:00:00";212778
"2022-09-12 00:00:00";205722
"2022-09-13 00:00:00";203029
"2022-09-14 00:00:00";194204
"2022-09-15 00:00:00";223872
"2022-09-16 00:00:00";202612
"2022-09-17 00:00:00";217579
"2022-09-18 00:00:00";232767
"2022-09-19 00:00:00";218970
"2022-09-20 00:00:00";211398
"2022-09-21 00:00:00";175455
"2022-09-22 00:00:00";203625
"2022-09-23 00:00:00";145424
"2022-09-24 00:00:00";195236
"2022-09-25 00:00:00";214237
"2022-09-26 00:00:00";204425
"2022-09-27 00:00:00";188514
"2022-09-28 00:00:00";152300
"2022-09-29 00:00:00";226988
"2022-09-30 00:00:00";195928
"2022-10-01 00:00:00";200582
"2022-10-02 00:00:00";206716
"2022-10-03 00:00:00";192136
"2022-10-04 00:00:00";191390
"2022-10-05 00:00:00";162495
"2022-10-06 00:00:00";153099
"2022-10-07 00:00:00";147027
"2022-10-08 00:00:00";167405
"2022-10-09 00:00:00";176212
"2022-10-10 00:00:00";171515
"2022-10-11 00:00:00";162212
"2022-10-12 00:00:00";135049
"2022-10-13 00:00:00";165358
"2022-10-14 00:00:00";179823
"2022-10-15 00:00:00";196018
"2022-10-16 00:00:00";207013
"2022-10-17 00:00:00";201648
"2022-10-18 00:00:00";198287
"2022-10-19 00:00:00";146699
"2022-10-20 00:00:00";181440
"2022-10-21 00:00:00";157168
"2022-10-22 00:00:00";195348
"2022-10-23 00:00:00";214493
"2022-10-24 00:00:00";214585
"2022-10-25 00:00:00";214549
"2022-10-26 00:00:00";186615
"2022-10-27 00:00:00";227894
"2022-10-28 00:00:00";211908
"2022-10-29 00:00:00";234844
"2022-10-30 00:00:00";258778
"2022-10-31 00:00:00";235069
"2022-11-01 00:00:00";228687
"2022-11-02 00:00:00";191313
"2022-11-03 00:00:00";230379
"2022-11-04 00:00:00";236068
"2022-11-05 00:00:00";260886
"2022-11-06 00:00:00";279228
"2022-11-07 00:00:00";276176
"2022-11-08 00:00:00";271388
"2022-11-09 00:00:00";203868
"2022-11-10 00:00:00";228097
"2022-11-11 00:00:00";243494
"2022-11-12 00:00:00";260104
"2022-11-13 00:00:00";276579
"2022-11-14 00:00:00";251788
"2022-11-15 00:00:00";239998
"2022-11-16 00:00:00";178629
"2022-11-17 00:00:00";122044
"2022-11-18 00:00:00";172597
"2022-11-19 00:00:00";211064
"2022-11-20 00:00:00";232299
"2022-11-21 00:00:00";226833
"2022-11-22 00:00:00";229035
"2022-11-23 00:00:00";200148
"2022-11-24 00:00:00";248269
"2022-11-25 00:00:00";264710
"2022-11-26 00:00:00";275134
"2022-11-27 00:00:00";281950
"2022-11-28 00:00:00";277421
"2022-11-29 00:00:00";262338
"2022-11-30 00:00:00";221489
"2022-12-01 00:00:00";285894
"2022-12-02 00:00:00";298719
"2022-12-03 00:00:00";304125
"2022-12-04 00:00:00";322787
"2022-12-05 00:00:00";305982
"2022-12-06 00:00:00";290010
"2022-12-07 00:00:00";253015
"2022-12-08 00:00:00";317013
"2022-12-09 00:00:00";308345
"2022-12-10 00:00:00";305759
"2022-12-11 00:00:00";322463
"2022-12-12 00:00:00";320131
"2022-12-13 00:00:00";299029
"2022-12-14 00:00:00";244244
"2022-12-15 00:00:00";308365
"2022-12-16 00:00:00";315151
"2022-12-17 00:00:00";327346
"2022-12-18 00:00:00";341308
"2022-12-19 00:00:00";330461
"2022-12-20 00:00:00";322547
"2022-12-21 00:00:00";279277
"2022-12-22 00:00:00";335629
"2022-12-23 00:00:00";348047
"2022-12-24 00:00:00";345451
"2022-12-25 00:00:00";347556
"2022-12-26 00:00:00";334034
"2022-12-27 00:00:00";314814
"2022-12-28 00:00:00";281282
"2022-12-29 00:00:00";336994
"2022-12-30 00:00:00";341949
"2022-12-31 00:00:00";331457
"2023-01-01 00:00:00";331516
"2023-01-02 00:00:00";322974
"2023-01-03 00:00:00";301687
"2023-01-04 00:00:00";286256
"2023-01-05 00:00:00";328749
"2023-01-06 00:00:00";328489
"2023-01-07 00:00:00";334099
"2023-01-08 00:00:00";332977
"2023-01-09 00:00:00";323766
"2023-01-10 00:00:00";269398
"2023-01-11 00:00:00";88972
"2023-01-12 00:00:00";127183
"2023-01-13 00:00:00";150696
"2023-01-14 00:00:00";175173
"2023-01-15 00:00:00";183517
"2023-01-16 00:00:00";179028
"2023-01-17 00:00:00";176563
"2023-01-18 00:00:00";156273
"2023-01-19 00:00:00";112308
"2023-01-20 00:00:00";102997
"2023-01-21 00:00:00";130185
"2023-01-22 00:00:00";144410
"2023-01-23 00:00:00";132510
"2023-01-24 00:00:00";130413
"2023-01-25 00:00:00";122272
"2023-01-26 00:00:00";152529
"2023-01-27 00:00:00";161185
"2023-01-28 00:00:00";172031
"2023-01-29 00:00:00";178868
"2023-01-30 00:00:00";176731
"2023-01-31 00:00:00";171371
"2023-02-01 00:00:00";156887
"2023-02-02 00:00:00";187023
"2023-02-03 00:00:00";191552
"2023-02-04 00:00:00";200862
"2023-02-05 00:00:00";206492
"2023-02-06 00:00:00";200511
"2023-02-07 00:00:00";197160
"2023-02-08 00:00:00";173207
"2023-02-09 00:00:00";183282
"2023-02-10 00:00:00";216428
"2023-02-11 00:00:00";224808
"2023-02-12 00:00:00";231994
"2023-02-13 00:00:00";219098
"2023-02-14 00:00:00";200826
"2023-02-15 00:00:00";159130
"2023-02-16 00:00:00";187044
"2023-02-17 00:00:00";188740
"2023-02-18 00:00:00";199536
"2023-02-19 00:00:00";204768
"2023-02-20 00:00:00";195413
"2023-02-21 00:00:00";178936
"2023-02-22 00:00:00";156455
"2023-02-23 00:00:00";204011
"2023-02-24 00:00:00";207915
"2023-02-25 00:00:00";205521
"2023-02-26 00:00:00";208178
"2023-02-27 00:00:00";194010
"2023-02-28 00:00:00";177071
"2023-03-01 00:00:00";183567
"2023-03-02 00:00:00";203538
"2023-03-03 00:00:00";204617
"2023-03-04 00:00:00";212233
"2023-03-05 00:00:00";208858
"2023-03-06 00:00:00";190910
"2023-03-07 00:00:00";172135
"2023-03-08 00:00:00";173706
"2023-03-09 00:00:00";183493
"2023-03-10 00:00:00";164439
"2023-03-11 00:00:00";143495
"2023-03-12 00:00:00";134072
"2023-03-13 00:00:00";127417
"2023-03-14 00:00:00";110921
"2023-03-15 00:00:00";85847
"2023-03-16 00:00:00";101697
"2023-03-17 00:00:00";110326
"2023-03-18 00:00:00";112735
"2023-03-19 00:00:00";109020
"2023-03-20 00:00:00";101833
"2023-03-21 00:00:00";99872
"2023-03-22 00:00:00";81377
"2023-03-23 00:00:00";91792
"2023-03-24 00:00:00";91013
"2023-03-25 00:00:00";94860
"2023-03-26 00:00:00";97926
"2023-03-27 00:00:00";93165
"2023-03-28 00:00:00";90982
"2023-03-29 00:00:00";94420
"2023-03-30 00:00:00";89241
"2023-03-31 00:00:00";87688
"2023-04-01 00:00:00";91496
"2023-04-02 00:00:00";99663
"2023-04-03 00:00:00";94652
"2023-04-04 00:00:00";92570
"2023-04-05 00:00:00";97347
"2023-04-06 00:00:00";104411
"2023-04-07 00:00:00";104273
"2023-04-08 00:00:00";103836
"2023-04-09 00:00:00";103839
"2023-04-10 00:00:00";103872
"2023-04-11 00:00:00";88115
"2023-04-12 00:00:00";69116
"2023-04-13 00:00:00";69726
"2023-04-14 00:00:00";68321
"2023-04-15 00:00:00";75080
"2023-04-16 00:00:00";80183
"2023-04-17 00:00:00";76957
"2023-04-18 00:00:00";69096
"2023-04-19 00:00:00";68078
"2023-04-20 00:00:00";80671
"2023-04-21 00:00:00";82931
"2023-04-22 00:00:00";88160
"2023-04-23 00:00:00";89919
"2023-04-24 00:00:00";90440
"2023-04-25 00:00:00";87691
"2023-04-26 00:00:00";81187
"2023-04-27 00:00:00";93200
"2023-04-28 00:00:00";92193
"2023-04-29 00:00:00";91507
"2023-04-30 00:00:00";93034
"2023-05-01 00:00:00";94562
"2023-05-02 00:00:00";82494
"2023-05-03 00:00:00";87311
"2023-05-04 00:00:00";86696
"2023-05-05 00:00:00";65413
"2023-05-06 00:00:00";84080
"2023-05-07 00:00:00";72893
"2023-05-08 00:00:00";79997
"2023-05-09 00:00:00";80410
"2023-05-10 00:00:00";62316
"2023-05-11 00:00:00";60165
"2023-05-12 00:00:00";64338
"2023-05-13 00:00:00";68409
"2023-05-14 00:00:00";71498
"2023-05-15 00:00:00";63162
"2023-05-16 00:00:00";61218
"2023-05-17 00:00:00";69221
"2023-05-18 00:00:00";70079
"2023-05-19 00:00:00";69000
"2023-05-20 00:00:00";73392
"2023-05-21 00:00:00";74358
"2023-05-22 00:00:00";63609
"2023-05-23 00:00:00";55427
"2023-05-24 00:00:00";58973
"2023-05-25 00:00:00";53944
"2023-05-26 00:00:00";54576
"2023-05-27 00:00:00";54681
"2023-05-28 00:00:00";50136
"2023-05-29 00:00:00";46654
"2023-05-30 00:00:00";42213
"2023-05-31 00:00:00";53176
"2023-06-01 00:00:00";48576
"2023-06-02 00:00:00";43098
"2023-06-03 00:00:00";42111
"2023-06-04 00:00:00";43117
"2023-06-05 00:00:00";38626
"2023-06-06 00:00:00";37125
"2023-06-07 00:00:00";45268
"2023-06-08 00:00:00";45286
"2023-06-09 00:00:00";43836
"2023-06-10 00:00:00";41189
"2023-06-11 00:00:00";42469
"2023-06-12 00:00:00";39367
"2023-06-13 00:00:00";37858
"2023-06-14 00:00:00";51209
"2023-06-15 00:00:00";45315
"2023-06-16 00:00:00";42617
"2023-06-17 00:00:00";42301
"2023-06-18 00:00:00";41533
"2023-06-19 00:00:00";38247
"2023-06-20 00:00:00";37161
"2023-06-21 00:00:00";41961
"2023-06-22 00:00:00";37946
"2023-06-23 00:00:00";36249
"2023-06-24 00:00:00";36809
"2023-06-25 00:00:00";37635
"2023-06-26 00:00:00";33113
"2023-06-27 00:00:00";31237
"2023-06-28 00:00:00";39275
"2023-06-29 00:00:00";35565
"2023-06-30 00:00:00";33577
"2023-07-01 00:00:00";33482
"2023-07-02 00:00:00";34199
"2023-07-03 00:00:00";30977
"2023-07-04 00:00:00";30210
"2023-07-05 00:00:00";36937
"2023-07-06 00:00:00";33591
"2023-07-07 00:00:00";32068
"2023-07-08 00:00:00";32093
"2023-07-09 00:00:00";32925
"2023-07-10 00:00:00";28947
"2023-07-11 00:00:00";28247
"2023-07-12 00:00:00";41897
"2023-07-13 00:00:00";34730
"2023-07-14 00:00:00";34109
"2023-07-15 00:00:00";34146
"2023-07-16 00:00:00";34946
"2023-07-17 00:00:00";30453
"2023-07-18 00:00:00";29068
"2023-07-19 00:00:00";35927
"2023-07-20 00:00:00";31165
"2023-07-21 00:00:00";30129
"2023-07-22 00:00:00";30280
"2023-07-23 00:00:00";30983
"2023-07-24 00:00:00";28057
"2023-07-25 00:00:00";26211
"2023-07-26 00:00:00";33411
"2023-07-27 00:00:00";31127
"2023-07-28 00:00:00";29432
"2023-07-29 00:00:00";29731
"2023-07-30 00:00:00";30808
"2023-07-31 00:00:00";27320
"2023-08-01 00:00:00";26887
"2023-08-02 00:00:00";32982
"2023-08-03 00:00:00";30510
"2023-08-04 00:00:00";28624
"2023-08-05 00:00:00";29373
"2023-08-06 00:00:00";30398
"2023-08-07 00:00:00";26694
"2023-08-08 00:00:00";26086
"2023-08-09 00:00:00";34680
"2023-08-10 00:00:00";32587
"2023-08-11 00:00:00";30831
"2023-08-12 00:00:00";30412
"2023-08-13 00:00:00";30716
"2023-08-14 00:00:00";27470
"2023-08-15 00:00:00";25907
"2023-08-16 00:00:00";47729
"2023-08-17 00:00:00";46169
"2023-08-18 00:00:00";41835
"2023-08-19 00:00:00";41569
"2023-08-20 00:00:00";42180
"2023-08-21 00:00:00";37897
"2023-08-22 00:00:00";37191
"2023-08-23 00:00:00";42703
"2023-08-24 00:00:00";40025
"2023-08-25 00:00:00";40216
"2023-08-26 00:00:00";41283
"2023-08-27 00:00:00";42871
"2023-08-28 00:00:00";36900
"2023-08-29 00:00:00";35880
"2023-08-30 00:00:00";27881
"2023-08-31 00:00:00";40645
"2023-09-01 00:00:00";37734
"2023-09-02 00:00:00";38101
"2023-09-03 00:00:00";38743
"2023-09-04 00:00:00";36229
"2023-09-05 00:00:00";32973
"2023-09-06 00:00:00";40510
"2023-09-07 00:00:00";39115
"2023-09-08 00:00:00";37568
"2023-09-09 00:00:00";38891
"2023-09-10 00:00:00";40124
"2023-09-11 00:00:00";35271
"2023-09-12 00:00:00";35534
"2023-09-13 00:00:00";55818
"2023-09-14 00:00:00";53770
"2023-09-15 00:00:00";50440
"2023-09-16 00:00:00";52038
"2023-09-17 00:00:00";52263
"2023-09-18 00:00:00";45861
"2023-09-19 00:00:00";45153
"2023-09-20 00:00:00";54695
"2023-09-21 00:00:00";49670
"2023-09-22 00:00:00";50602
"2023-09-23 00:00:00";51237
"2023-09-24 00:00:00";51844
"2023-09-25 00:00:00";45824
"2023-09-26 00:00:00";42563
"2023-09-27 00:00:00";53643
"2023-09-28 00:00:00";48328
"2023-09-29 00:00:00";46746
"2023-09-30 00:00:00";49569
"2023-10-01 00:00:00";47194
"2023-10-02 00:00:00";42540
"2023-10-03 00:00:00";40861
"2023-10-04 00:00:00";53225
"2023-10-05 00:00:00";51521
"2023-10-06 00:00:00";48661
"2023-10-07 00:00:00";51135
"2023-10-08 00:00:00";49803
"2023-10-09 00:00:00";49889
"2023-10-10 00:00:00";46346
"2023-10-11 00:00:00";50800
"2023-10-12 00:00:00";55958
"2023-10-13 00:00:00";49585
"2023-10-14 00:00:00";51541
"2023-10-15 00:00:00";48581
"2023-10-16 00:00:00";45089
"2023-10-17 00:00:00";41800
"2023-10-18 00:00:00";52358
"2023-10-19 00:00:00";51420
"2023-10-20 00:00:00";44661
"2023-10-21 00:00:00";46137
"2023-10-22 00:00:00";44868
"2023-10-23 00:00:00";39322
"2023-10-24 00:00:00";37247
"2023-10-25 00:00:00";50192
"2023-10-26 00:00:00";46257
"2023-10-27 00:00:00";42033
"2023-10-28 00:00:00";48264
"2023-10-29 00:00:00";46070
"2023-10-30 00:00:00";43312
"2023-10-31 00:00:00";39700
"2023-11-01 00:00:00";68239
"2023-11-02 00:00:00";60760
"2023-11-03 00:00:00";53763
"2023-11-04 00:00:00";56652
"2023-11-05 00:00:00";56812
"2023-11-06 00:00:00";46303
"2023-11-07 00:00:00";47246
"2023-11-08 00:00:00";73126
"2023-11-09 00:00:00";65815
"2023-11-10 00:00:00";66729
"2023-11-11 00:00:00";65742
"2023-11-12 00:00:00";68875
"2023-11-13 00:00:00";65693
"2023-11-14 00:00:00";58021
"2023-11-15 00:00:00";56536
"2023-11-16 00:00:00";78609
"2023-11-17 00:00:00";80342
"2023-11-18 00:00:00";80477
"2023-11-19 00:00:00";78480
"2023-11-20 00:00:00";74453
"2023-11-21 00:00:00";67502
"2023-11-22 00:00:00";88520
"2023-11-23 00:00:00";92474
"2023-11-24 00:00:00";78229
"2023-11-25 00:00:00";82346
"2023-11-26 00:00:00";85144
"2023-11-27 00:00:00";83220
"2023-11-28 00:00:00";75272
"2023-11-29 00:00:00";95065
"2023-11-30 00:00:00";87958
"2023-12-01 00:00:00";78145
"2023-12-02 00:00:00";68220
"2023-12-03 00:00:00";59110
"2023-12-04 00:00:00";54385
"2023-12-05 00:00:00";54514
"2023-12-06 00:00:00";67693
"2023-12-07 00:00:00";71920
"2023-12-08 00:00:00";70230
"2023-12-09 00:00:00";63121
"2023-12-10 00:00:00";53745
"2023-12-11 00:00:00";45693
"2023-12-12 00:00:00";50798
"2023-12-13 00:00:00";48176
"2023-12-14 00:00:00";56039
"2023-12-15 00:00:00";55506
"2023-12-16 00:00:00";58173
"2023-12-17 00:00:00";61233
"2023-12-18 00:00:00";59092
"2023-12-19 00:00:00";61540
"2023-12-20 00:00:00";62406
"2023-12-21 00:00:00";62245
"2023-12-22 00:00:00";53837
"2023-12-23 00:00:00";45433
"2023-12-24 00:00:00";39122
"2023-12-25 00:00:00";39309
"2023-12-26 00:00:00";40429
"2023-12-27 00:00:00";44787
"2023-12-28 00:00:00";42894
"2023-12-29 00:00:00";40254
"2023-12-30 00:00:00";38932
"2023-12-31 00:00:00";33728
"2024-01-01 00:00:00";35477
"2024-01-02 00:00:00";36621
"2024-01-03 00:00:00";44373
"2024-01-04 00:00:00";41024
"2024-01-05 00:00:00";41141
"2024-01-06 00:00:00";41032
"2024-01-07 00:00:00";46034
"2024-01-08 00:00:00";41026
"2024-01-09 00:00:00";42218
"2024-01-10 00:00:00";41468
"2024-01-11 00:00:00";39925
"2024-01-12 00:00:00";43633
"2024-01-13 00:00:00";44150
"2024-01-14 00:00:00";45585
"2024-01-15 00:00:00";42632
"2024-01-16 00:00:00";40590
"2024-01-17 00:00:00";46398
"2024-01-18 00:00:00";49657
"2024-01-19 00:00:00";47966
"2024-01-20 00:00:00";47759
"2024-01-21 00:00:00";45787
"2024-01-22 00:00:00";44735
"2024-01-23 00:00:00";47704
"2024-01-24 00:00:00";39978
"2024-01-25 00:00:00";52317
"2024-01-26 00:00:00";50614
"2024-01-27 00:00:00";56287
"2024-01-28 00:00:00";55688
"2024-01-29 00:00:00";55864
"2024-01-30 00:00:00";57035
"2024-01-31 00:00:00";62863
"2024-02-01 00:00:00";60498
"2024-02-02 00:00:00";65316
"2024-02-03 00:00:00";69290
"2024-02-04 00:00:00";75097
"2024-02-05 00:00:00";71946
"2024-02-06 00:00:00";74463
"2024-02-07 00:00:00";66600
"2024-02-08 00:00:00";59846
"2024-02-09 00:00:00";54885
"2024-02-10 00:00:00";58302
"2024-02-11 00:00:00";65972
"2024-02-12 00:00:00";51208
"2024-02-13 00:00:00";56173
"2024-02-14 00:00:00";57683
"2024-02-15 00:00:00";62456
"2024-02-16 00:00:00";61895
"2024-02-17 00:00:00";60684
"2024-02-18 00:00:00";59557
"2024-02-19 00:00:00";56349
"2024-02-20 00:00:00";54607
"2024-02-21 00:00:00";61188
"2024-02-22 00:00:00";62306
"2024-02-23 00:00:00";62225
"2024-02-24 00:00:00";64099
"2024-02-25 00:00:00";61246
"2024-02-26 00:00:00";53903
"2024-02-27 00:00:00";51432
"2024-02-28 00:00:00";58642
"2024-02-29 00:00:00";56762
"2024-03-01 00:00:00";53463
"2024-03-02 00:00:00";53586
"2024-03-03 00:00:00";56359
"2024-03-04 00:00:00";50143
"2024-03-05 00:00:00";50620
"2024-03-06 00:00:00";44900
"2024-03-07 00:00:00";47267
"2024-03-08 00:00:00";52516
"2024-03-09 00:00:00";54561
"2024-03-10 00:00:00";52558
"2024-03-11 00:00:00";48268
"2024-03-12 00:00:00";39822
"2024-03-13 00:00:00";29695
"2024-03-14 00:00:00";34900
"2024-03-15 00:00:00";41361
"2024-03-16 00:00:00";41241
"2024-03-17 00:00:00";41351
"2024-03-18 00:00:00";38537
"2024-03-19 00:00:00";33765
"2024-03-20 00:00:00";52099
"2024-03-21 00:00:00";47908
"2024-03-22 00:00:00";53836
"2024-03-23 00:00:00";56782
"2024-03-24 00:00:00";58834
"2024-03-25 00:00:00";55835
"2024-03-26 00:00:00";54886
"2024-03-27 00:00:00";47880
"2024-03-28 00:00:00";52655
"2024-03-29 00:00:00";50498
"2024-03-30 00:00:00";53046
"2024-03-31 00:00:00";55073
"2024-04-01 00:00:00";58040
"2024-04-02 00:00:00";60449
"2024-04-03 00:00:00";64049
"2024-04-04 00:00:00";57538
"2024-04-05 00:00:00";60341
"2024-04-06 00:00:00";60031
"2024-04-07 00:00:00";65204
"2024-04-08 00:00:00";59134
"2024-04-09 00:00:00";62364
"2024-04-10 00:00:00";63225
"2024-04-11 00:00:00";61440
"2024-04-12 00:00:00";51015
"2024-04-12 01:00:00";48382
"2024-04-12 02:00:00";48777
"2024-04-12 03:00:00";46240
"2024-04-12 04:00:00";45127
"2024-04-12 05:00:00";41063
"2024-04-12 06:00:00";40814
"2024-04-12 07:00:00";39764
"2024-04-12 08:00:00";41540
"2024-04-12 09:00:00";41800
"2024-04-12 10:00:00";46663
"2024-04-12 11:00:00";49388
"2024-04-12 12:00:00";51066
"2024-04-12 13:00:00";53295
"2024-04-12 14:00:00";57393
"2024-04-12 15:00:00";57979
"2024-04-12 16:00:00";57506
"2024-04-12 17:00:00";59540
"2024-04-12 18:00:00";59704
"2024-04-12 19:00:00";58359
"2024-04-12 20:00:00";53621
"2024-04-12 21:00:00";49963
"2024-04-12 22:00:00";50459
"2024-04-12 23:00:00";48295
"2024-04-13 00:00:00";46514
"2024-04-13 01:00:00";48301
"2024-04-13 02:00:00";48861
"2024-04-13 03:00:00";49132
"2024-04-13 04:00:00";46529
"2024-04-13 05:00:00";45951
"2024-04-13 06:00:00";45729
"2024-04-13 07:00:00";47571
"2024-04-13 08:00:00";47285
"2024-04-13 09:00:00";47846
"2024-04-13 10:00:00";47724
"2024-04-13 11:00:00";51425
"2024-04-13 12:00:00";53385
"2024-04-13 13:00:00";56200
"2024-04-13 14:00:00";58796
"2024-04-13 15:00:00";61896
"2024-04-13 16:00:00";57601
"2024-04-13 17:00:00";57876
"2024-04-13 18:00:00";58117
"2024-04-13 19:00:00";62120
"2024-04-13 20:00:00";61883
"2024-04-13 21:00:00";59940
"2024-04-13 22:00:00";54231
"2024-04-13 23:00:00";48273
"2024-04-14 00:00:00";45855
"2024-04-14 01:00:00";48576
"2024-04-14 02:00:00";49390
"2024-04-14 03:00:00";48458
"2024-04-14 04:00:00";46929
"2024-04-14 05:00:00";46286
"2024-04-14 06:00:00";43648
"2024-04-14 07:00:00";43126
"2024-04-14 08:00:00";47697
"2024-04-14 09:00:00";47715
"2024-04-14 10:00:00";58491
"2024-04-14 11:00:00";59784
"2024-04-14 12:00:00";61702
"2024-04-14 13:00:00";60957
"2024-04-14 14:00:00";59057
"2024-04-14 15:00:00";61844
"2024-04-14 16:00:00";65252
"2024-04-14 17:00:00";66023
"2024-04-14 18:00:00";64368
"2024-04-14 19:00:00";67995
"2024-04-14 20:00:00";63612
"2024-04-14 21:00:00";64428
"2024-04-14 22:00:00";62782
"2024-04-14 23:00:00";59527
"2024-04-15 00:00:00";56914
"2024-04-15 01:00:00";57052
"2024-04-15 02:00:00";54269
"2024-04-15 03:00:00";54572
"2024-04-15 04:00:00";54024
"2024-04-15 05:00:00";52027
"2024-04-15 06:00:00";48883
"2024-04-15 07:00:00";48575
"2024-04-15 08:00:00";50824
"2024-04-15 09:00:00";54691
"2024-04-15 10:00:00";57500
"2024-04-15 11:00:00";61661
"2024-04-15 12:00:00";63175
"2024-04-15 13:00:00";63399
"2024-04-15 14:00:00";64187
"2024-04-15 15:00:00";66423
"2024-04-15 16:00:00";64612
"2024-04-15 17:00:00";64869
"2024-04-15 18:00:00";66655
"2024-04-15 19:00:00";63967
"2024-04-15 20:00:00";64612
"2024-04-15 21:00:00";58922
"2024-04-15 22:00:00";53409
"2024-04-15 23:00:00";51833
"2024-04-16 00:00:00";49384
"2024-04-16 01:00:00";52433
"2024-04-16 02:00:00";52400
"2024-04-16 03:00:00";50440
"2024-04-16 04:00:00";48836
"2024-04-16 05:00:00";50170
"2024-04-16 06:00:00";47936
"2024-04-16 07:00:00";46358
"2024-04-16 08:00:00";48158
"2024-04-16 09:00:00";47507
"2024-04-16 10:00:00";54969
"2024-04-16 11:00:00";56928
"2024-04-16 12:00:00";57950
"2024-04-16 13:00:00";60173
"2024-04-16 14:00:00";61529
"2024-04-16 15:00:00";61654
"2024-04-16 16:00:00";64350
"2024-04-16 17:00:00";66214
"2024-04-16 18:00:00";67705
"2024-04-16 19:00:00";66352
"2024-04-16 20:00:00";65028
"2024-04-16 21:00:00";62326
"2024-04-16 22:00:00";56901
"2024-04-16 23:00:00";54771
"2024-04-17 00:00:00";56205
"2024-04-17 01:00:00";57324
"2024-04-17 02:00:00";57570
"2024-04-17 03:00:00";56773
"2024-04-17 04:00:00";55048
"2024-04-17 05:00:00";45028
"2024-04-17 06:00:00";44498
"2024-04-17 07:00:00";37201
"2024-04-17 08:00:00";32433
"2024-04-17 09:00:00";25147
"2024-04-17 10:00:00";1895
"2024-04-17 11:00:00";2030
"2024-04-17 12:00:00";5754
"2024-04-17 13:00:00";29580
"2024-04-17 14:00:00";37006
"2024-04-17 15:00:00";41140
"2024-04-17 16:00:00";45153
"2024-04-17 17:00:00";47895
"2024-04-17 18:00:00";48198
"2024-04-17 19:00:00";49682
"2024-04-17 20:00:00";48762
"2024-04-17 21:00:00";50086
"2024-04-17 22:00:00";50199
"2024-04-17 23:00:00";50677
"2024-04-18 00:00:00";51041
"2024-04-18 01:00:00";50887
"2024-04-18 02:00:00";50917
"2024-04-18 03:00:00";48669
"2024-04-18 04:00:00";48411
"2024-04-18 05:00:00";46085
"2024-04-18 06:00:00";42935
"2024-04-18 07:00:00";43746
"2024-04-18 08:00:00";44318
"2024-04-18 09:00:00";45031
"2024-04-18 10:00:00";46851
"2024-04-18 11:00:00";48801
"2024-04-18 12:00:00";52979
"2024-04-18 13:00:00";56177
"2024-04-18 14:00:00";63022
"2024-04-18 15:00:00";66942
"2024-04-18 16:00:00";67417
"2024-04-18 17:00:00";65941
"2024-04-18 18:00:00";62254
"2024-04-18 19:00:00";63386
"2024-04-18 20:00:00";64362
"2024-04-18 21:00:00";64118
"2024-04-18 22:00:00";62515
"2024-04-18 23:00:00";58318
"2024-04-19 00:00:00";57191
"2024-04-19 01:00:00";57056
"2024-04-19 02:00:00";58337
"2024-04-19 03:00:00";57591
"2024-04-19 04:00:00";57089
"2024-04-19 05:00:00";51691
"2024-04-19 06:00:00";50547
"2024-04-19 07:00:00";49231
"2024-04-19 08:00:00";49940
"2024-04-19 09:00:00";52841
"2024-04-19 10:00:00";52616
"2024-04-19 11:00:00";54432
"2024-04-19 12:00:00";59942
"2024-04-19 13:00:00";65391
"2024-04-19 14:00:00";67972
"2024-04-19 15:00:00";72658
"2024-04-19 16:00:00";71130
"2024-04-19 17:00:00";72728
"2024-04-19 18:00:00";72348
"2024-04-19 19:00:00";75178
"2024-04-19 20:00:00";74231
"2024-04-19 21:00:00";72184
"2024-04-19 22:00:00";67104
"2024-04-19 23:00:00";63199
"2024-04-20 00:00:00";58455
"2024-04-20 01:00:00";57009
"2024-04-20 02:00:00";56779
"2024-04-20 03:00:00";52458
"2024-04-20 04:00:00";48381
"2024-04-20 05:00:00";48033
"2024-04-20 06:00:00";52415
"2024-04-20 07:00:00";52587
"2024-04-20 08:00:00";51834
"2024-04-20 09:00:00";51349
"2024-04-20 10:00:00";54378
"2024-04-20 11:00:00";59542
"2024-04-20 12:00:00";62122
"2024-04-20 13:00:00";64213
"2024-04-20 14:00:00";68436
"2024-04-20 15:00:00";71090
"2024-04-20 16:00:00";71919
"2024-04-20 17:00:00";77093
"2024-04-20 18:00:00";78405
"2024-04-20 19:00:00";75007
"2024-04-20 20:00:00";75065
"2024-04-20 21:00:00";72578
"2024-04-20 22:00:00";68412
"2024-04-20 23:00:00";65555
"2024-04-21 00:00:00";64117
"2024-04-21 01:00:00";62546
"2024-04-21 02:00:00";61427
"2024-04-21 03:00:00";58926
"2024-04-21 04:00:00";61447
"2024-04-21 05:00:00";60273
"2024-04-21 06:00:00";61292
"2024-04-21 07:00:00";59237
"2024-04-21 08:00:00";58800
"2024-04-21 09:00:00";57262
"2024-04-21 10:00:00";58311
"2024-04-21 11:00:00";60614
"2024-04-21 12:00:00";62982
"2024-04-21 13:00:00";64983
"2024-04-21 14:00:00";68405
"2024-04-21 15:00:00";68456
"2024-04-21 16:00:00";74050
"2024-04-21 17:00:00";77506
"2024-04-21 18:00:00";77912
"2024-04-21 19:00:00";75978
"2024-04-21 20:00:00";74609
"2024-04-21 21:00:00";68863
"2024-04-21 22:00:00";66429
"2024-04-21 23:00:00";64207
"2024-04-22 00:00:00";58605
"2024-04-22 01:00:00";61367
"2024-04-22 02:00:00";60399
"2024-04-22 03:00:00";58788
"2024-04-22 04:00:00";56269
"2024-04-22 05:00:00";54214
"2024-04-22 06:00:00";53370
"2024-04-22 07:00:00";50214
"2024-04-22 08:00:00";47934
"2024-04-22 09:00:00";46325
"2024-04-22 10:00:00";59925
"2024-04-22 11:00:00";63866
"2024-04-22 12:00:00";66161
"2024-04-22 13:00:00";66402
"2024-04-22 14:00:00";65986
"2024-04-22 15:00:00";67090
"2024-04-22 16:00:00";67006
"2024-04-22 17:00:00";69112
"2024-04-22 18:00:00";66859
"2024-04-22 19:00:00";67279
"2024-04-22 20:00:00";64114
"2024-04-22 21:00:00";63274
"2024-04-22 22:00:00";61043
"2024-04-22 23:00:00";56649
"2024-04-23 00:00:00";58679
"2024-04-23 01:00:00";62736
"2024-04-23 02:00:00";60944
"2024-04-23 03:00:00";56355
"2024-04-23 04:00:00";53691
"2024-04-23 05:00:00";51798
"2024-04-23 06:00:00";50798
"2024-04-23 07:00:00";55054
"2024-04-23 08:00:00";56453
"2024-04-23 09:00:00";62380
"2024-04-23 10:00:00";62320
"2024-04-23 11:00:00";65476
"2024-04-23 12:00:00";66566
"2024-04-23 13:00:00";70593
"2024-04-23 14:00:00";71595
"2024-04-23 15:00:00";71319
"2024-04-23 16:00:00";72264
"2024-04-23 17:00:00";73468
"2024-04-23 18:00:00";75093
"2024-04-23 19:00:00";71853
"2024-04-23 20:00:00";71625
"2024-04-23 21:00:00";69567
"2024-04-23 22:00:00";66966
"2024-04-23 23:00:00";66061
"2024-04-24 00:00:00";65272
"2024-04-24 01:00:00";64066
"2024-04-24 02:00:00";62189
"2024-04-24 03:00:00";63498
"2024-04-24 04:00:00";63134
"2024-04-24 05:00:00";60402
"2024-04-24 06:00:00";58726
"2024-04-24 07:00:00";47270
"2024-04-24 08:00:00";2597
"2024-04-24 09:00:00";2272
"2024-04-24 10:00:00";5582
"2024-04-24 11:00:00";21013
"2024-04-24 12:00:00";29460
"2024-04-24 13:00:00";38407
"2024-04-24 14:00:00";48877
"2024-04-24 15:00:00";56485
"2024-04-24 16:00:00";60805
"2024-04-24 17:00:00";64083
"2024-04-24 18:00:00";64932
"2024-04-24 19:00:00";62841
"2024-04-24 20:00:00";60299
"2024-04-24 21:00:00";58408
"2024-04-24 22:00:00";55667
"2024-04-24 23:00:00";54808
"2024-04-25 00:00:00";56820
"2024-04-25 01:00:00";56278
"2024-04-25 02:00:00";56018
"2024-04-25 03:00:00";52456
"2024-04-25 04:00:00";52124
"2024-04-25 05:00:00";47218
"2024-04-25 06:00:00";46900
"2024-04-25 07:00:00";46314
"2024-04-25 08:00:00";46970
"2024-04-25 09:00:00";48162
"2024-04-25 10:00:00";50821
"2024-04-25 11:00:00";54074
"2024-04-25 12:00:00";55445
"2024-04-25 13:00:00";57842
"2024-04-25 14:00:00";61008
"2024-04-25 15:00:00";64129
"2024-04-25 16:00:00";68080
"2024-04-25 17:00:00";70883
"2024-04-25 18:00:00";71462
"2024-04-25 19:00:00";69501
"2024-04-25 20:00:00";68787
"2024-04-25 21:00:00";66285
"2024-04-25 22:00:00";60421
"2024-04-25 23:00:00";55048
"2024-04-26 00:00:00";57657
"2024-04-26 01:00:00";56465
"2024-04-26 02:00:00";57650
"2024-04-26 03:00:00";56300
"2024-04-26 04:00:00";52587
"2024-04-26 05:00:00";50446
"2024-04-26 06:00:00";52115
"2024-04-26 07:00:00";52349
"2024-04-26 08:00:00";52055
"2024-04-26 09:00:00";51401
"2024-04-26 10:00:00";53208
"2024-04-26 11:00:00";54417
"2024-04-26 12:00:00";57593
"2024-04-26 13:00:00";61683
"2024-04-26 14:00:00";66129
"2024-04-26 15:00:00";66568
"2024-04-26 16:00:00";70411
"2024-04-26 17:00:00";78810
"2024-04-26 18:00:00";79782
"2024-04-26 19:00:00";76118
"2024-04-26 20:00:00";73821
"2024-04-26 21:00:00";67753
"2024-04-26 22:00:00";61506
"2024-04-26 23:00:00";59642
"2024-04-27 00:00:00";56430
"2024-04-27 01:00:00";57802
"2024-04-27 02:00:00";57716
"2024-04-27 03:00:00";57637
"2024-04-27 04:00:00";60103
"2024-04-27 05:00:00";58030
"2024-04-27 06:00:00";54843
"2024-04-27 07:00:00";53012
"2024-04-27 08:00:00";52807
"2024-04-27 09:00:00";54730
"2024-04-27 10:00:00";61037
"2024-04-27 11:00:00";61786
"2024-04-27 12:00:00";65636
"2024-04-27 13:00:00";66074
"2024-04-27 14:00:00";67515
"2024-04-27 15:00:00";67317
"2024-04-27 16:00:00";67927
"2024-04-27 17:00:00";68271
"2024-04-27 18:00:00";70423
"2024-04-27 19:00:00";74721
"2024-04-27 20:00:00";74896
"2024-04-27 21:00:00";73304
"2024-04-27 22:00:00";70284
"2024-04-27 23:00:00";64027
"2024-04-28 00:00:00";60718
"2024-04-28 01:00:00";56658
"2024-04-28 02:00:00";56325
"2024-04-28 03:00:00";58173
"2024-04-28 04:00:00";57360
"2024-04-28 05:00:00";54597
"2024-04-28 06:00:00";55838
"2024-04-28 07:00:00";58760
"2024-04-28 08:00:00";55886
"2024-04-28 09:00:00";58098
"2024-04-28 10:00:00";59176
"2024-04-28 11:00:00";62095
"2024-04-28 12:00:00";66001
"2024-04-28 13:00:00";66219
"2024-04-28 14:00:00";73496
"2024-04-28 15:00:00";73947
"2024-04-28 16:00:00";71884
"2024-04-28 17:00:00";73543
"2024-04-28 18:00:00";81753
"2024-04-28 19:00:00";81055
"2024-04-28 20:00:00";79867
"2024-04-28 21:00:00";75302
"2024-04-28 22:00:00";68384
"2024-04-28 23:00:00";66233
"2024-04-29 00:00:00";66520
"2024-04-29 01:00:00";63172
"2024-04-29 02:00:00";61374
"2024-04-29 03:00:00";59082
"2024-04-29 04:00:00";59904
"2024-04-29 05:00:00";62137
"2024-04-29 06:00:00";58460
"2024-04-29 07:00:00";55275
"2024-04-29 08:00:00";57327
"2024-04-29 09:00:00";57656
"2024-04-29 10:00:00";54249
"2024-04-29 11:00:00";61264
"2024-04-29 12:00:00";61613
"2024-04-29 13:00:00";63296
"2024-04-29 14:00:00";64349
"2024-04-29 15:00:00";64439
"2024-04-29 16:00:00";63539
"2024-04-29 17:00:00";62528
"2024-04-29 18:00:00";66376
"2024-04-29 19:00:00";66292
"2024-04-29 20:00:00";66162
"2024-04-29 21:00:00";63794
"2024-04-29 22:00:00";61569
"2024-04-29 23:00:00";60764
"2024-04-30 00:00:00";60495
"2024-04-30 01:00:00";57458
"2024-04-30 02:00:00";56071
"2024-04-30 03:00:00";54212
"2024-04-30 04:00:00";56642
"2024-04-30 05:00:00";56371
"2024-04-30 06:00:00";57397
"2024-04-30 07:00:00";53168
"2024-04-30 08:00:00";54510
"2024-04-30 09:00:00";54265
"2024-04-30 10:00:00";57843
"2024-04-30 11:00:00";60014
"2024-04-30 12:00:00";59644
"2024-04-30 13:00:00";54790
"2024-04-30 14:00:00";54779
"2024-04-30 15:00:00";58750
"2024-04-30 16:00:00";58789
"2024-04-30 17:00:00";65903
"2024-04-30 18:00:00";63235
"2024-04-30 19:00:00";68434
"2024-04-30 20:00:00";62721
"2024-04-30 21:00:00";60055
"2024-04-30 22:00:00";58425
"2024-04-30 23:00:00";56152
"2024-05-01 00:00:00";55935
"2024-05-01 01:00:00";55309
"2024-05-01 02:00:00";60326
"2024-05-01 03:00:00";60616
"2024-05-01 04:00:00";59011
"2024-05-01 05:00:00";57910
"2024-05-01 06:00:00";56837
"2024-05-01 07:00:00";43653
"2024-05-01 08:00:00";7936
"2024-05-01 09:00:00";18344
"2024-05-01 10:00:00";31910
"2024-05-01 11:00:00";41285
"2024-05-01 12:00:00";58281
"2024-05-01 13:00:00";69685
"2024-05-01 14:00:00";69832
"2024-05-01 15:00:00";73579
"2024-05-01 16:00:00";77983
"2024-05-01 17:00:00";74855
"2024-05-01 18:00:00";72273
"2024-05-01 19:00:00";68656
"2024-05-01 20:00:00";68274
"2024-05-01 21:00:00";67269
"2024-05-01 22:00:00";63970
"2024-05-01 23:00:00";62296
"2024-05-02 00:00:00";60371
"2024-05-02 01:00:00";62974
"2024-05-02 02:00:00";60648
"2024-05-02 03:00:00";57762
"2024-05-02 04:00:00";56947
"2024-05-02 05:00:00";54739
"2024-05-02 06:00:00";53166
"2024-05-02 07:00:00";48727
"2024-05-02 08:00:00";50441
"2024-05-02 09:00:00";53005
"2024-05-02 10:00:00";64847
"2024-05-02 11:00:00";66149
"2024-05-02 12:00:00";70911
"2024-05-02 13:00:00";74350
"2024-05-02 14:00:00";76613
"2024-05-02 15:00:00";76900
"2024-05-02 16:00:00";79047
"2024-05-02 17:00:00";80379
"2024-05-02 18:00:00";81137
"2024-05-02 19:00:00";79643
"2024-05-02 20:00:00";76080
"2024-05-02 21:00:00";66693
"2024-05-02 22:00:00";58634
"2024-05-02 23:00:00";55795
"2024-05-03 00:00:00";56528
"2024-05-03 01:00:00";58753
"2024-05-03 02:00:00";58760
"2024-05-03 03:00:00";54726
"2024-05-03 04:00:00";56406
"2024-05-03 05:00:00";56683
"2024-05-03 06:00:00";56344
"2024-05-03 07:00:00";53114
"2024-05-03 08:00:00";54412
"2024-05-03 09:00:00";56508
"2024-05-03 10:00:00";58631
"2024-05-03 11:00:00";58732
"2024-05-03 12:00:00";61625
"2024-05-03 13:00:00";63079
"2024-05-03 14:00:00";66874
"2024-05-03 15:00:00";70913
"2024-05-03 16:00:00";71864
"2024-05-03 17:00:00";72725
"2024-05-03 18:00:00";71603
"2024-05-03 19:00:00";70607
"2024-05-03 20:00:00";72418
"2024-05-03 21:00:00";69883
"2024-05-03 22:00:00";65636
"2024-05-03 23:00:00";60976
"2024-05-04 00:00:00";60025
"2024-05-04 01:00:00";58154
"2024-05-04 02:00:00";56496
"2024-05-04 03:00:00";53726
"2024-05-04 04:00:00";55649
"2024-05-04 05:00:00";54734
"2024-05-04 06:00:00";53038
"2024-05-04 07:00:00";56092
"2024-05-04 08:00:00";57510
"2024-05-04 09:00:00";56565
"2024-05-04 10:00:00";57183
"2024-05-04 11:00:00";58741
"2024-05-04 12:00:00";62356
"2024-05-04 13:00:00";66733
"2024-05-04 14:00:00";67301
"2024-05-04 15:00:00";69018
"2024-05-04 16:00:00";73329
"2024-05-04 17:00:00";70402
"2024-05-04 18:00:00";70411
"2024-05-04 19:00:00";70781
"2024-05-04 20:00:00";73728
"2024-05-04 21:00:00";71208
"2024-05-04 22:00:00";68483
"2024-05-04 23:00:00";64032
"2024-05-05 00:00:00";60884
"2024-05-05 01:00:00";58750
"2024-05-05 02:00:00";56769
"2024-05-05 03:00:00";62009
"2024-05-05 04:00:00";62619
"2024-05-05 05:00:00";62130
"2024-05-05 06:00:00";63722
"2024-05-05 07:00:00";62753
"2024-05-05 08:00:00";61945
"2024-05-05 09:00:00";63319
"2024-05-05 10:00:00";63674
"2024-05-05 11:00:00";66039
"2024-05-05 12:00:00";67506
"2024-05-05 12:30:00";65319
"2024-05-05 12:40:00";66567
"2024-05-05 12:50:00";67506
"2024-05-05 13:00:00";68234
"2024-05-05 13:10:00";69089
"2024-05-05 13:20:00";68909
"2024-05-05 13:30:00";69880
"2024-05-05 13:40:00";69974
"2024-05-05 13:50:00";70748
"2024-05-05 14:00:00";70701
"2024-05-05 14:10:00";70148
"2024-05-05 14:20:00";70361
"2024-05-05 14:30:00";70299
"2024-05-05 14:40:00";72032
"2024-05-05 14:50:00";72621
"2024-05-05 15:00:00";76312
"2024-05-05 15:10:00";75824
"2024-05-05 15:20:00";75379
"2024-05-05 15:30:00";75507
"2024-05-05 15:40:00";73390
"2024-05-05 15:50:00";72977
"2024-05-05 16:00:00";72923
"2024-05-05 16:10:00";72298
"2024-05-05 16:20:00";71367
"2024-05-05 16:30:00";72481
"2024-05-05 16:40:00";70936
"2024-05-05 16:50:00";70373
"2024-05-05 17:00:00";72243
"2024-05-05 17:10:00";71146
"2024-05-05 17:20:00";70125
"2024-05-05 17:30:00";74017
"2024-05-05 17:40:00";74119
"2024-05-05 17:50:00";74975
"2024-05-05 18:00:00";75348
"2024-05-05 18:10:00";74975
"2024-05-05 18:20:00";75358
"2024-05-05 18:30:00";75442
"2024-05-05 18:40:00";74727
"2024-05-05 18:50:00";76495
"2024-05-05 19:00:00";75751
"2024-05-05 19:10:00";74714
"2024-05-05 19:20:00";74290
"2024-05-05 19:30:00";76744
"2024-05-05 19:40:00";76944
"2024-05-05 19:50:00";77173
"2024-05-05 20:00:00";76883
"2024-05-05 20:10:00";76457
"2024-05-05 20:20:00";75578
"2024-05-05 20:30:00";74852
"2024-05-05 20:40:00";74260
"2024-05-05 20:50:00";73426
"2024-05-05 21:00:00";72623
"2024-05-05 21:10:00";70041
"2024-05-05 21:20:00";69544
"2024-05-05 21:30:00";66301
"2024-05-05 21:40:00";65577
"2024-05-05 21:50:00";66046
"2024-05-05 22:00:00";66169
"2024-05-05 22:10:00";65843
"2024-05-05 22:20:00";65883
"2024-05-05 22:30:00";64137
"2024-05-05 22:40:00";63711
"2024-05-05 22:50:00";63068
"2024-05-05 23:00:00";62831
"2024-05-05 23:10:00";62884
"2024-05-05 23:20:00";62707
"2024-05-05 23:30:00";61971
"2024-05-05 23:40:00";61127
"2024-05-05 23:50:00";61217
"2024-05-06 00:00:00";61850
"2024-05-06 00:10:00";61248
"2024-05-06 00:20:00";59509
"2024-05-06 00:30:00";59358
"2024-05-06 00:40:00";58868
"2024-05-06 00:50:00";58858
"2024-05-06 01:00:00";59101
"2024-05-06 01:10:00";57401
"2024-05-06 01:20:00";56360
"2024-05-06 01:30:00";55525
"2024-05-06 01:40:00";55010
"2024-05-06 01:50:00";54879
"2024-05-06 02:00:00";54296
"2024-05-06 02:10:00";53653
"2024-05-06 02:20:00";53227
"2024-05-06 02:30:00";53551
"2024-05-06 02:40:00";53262
"2024-05-06 02:50:00";55226
"2024-05-06 03:00:00";56633
"2024-05-06 03:10:00";56962
"2024-05-06 03:20:00";58057
"2024-05-06 03:30:00";58187
"2024-05-06 03:40:00";58892
"2024-05-06 03:50:00";59562
"2024-05-06 04:00:00";59300
"2024-05-06 04:10:00";57613
"2024-05-06 04:20:00";57725
"2024-05-06 04:30:00";56417
"2024-05-06 04:40:00";55170
"2024-05-06 04:50:00";54423
"2024-05-06 05:00:00";53749
"2024-05-06 05:10:00";53819
"2024-05-06 05:20:00";52956
"2024-05-06 05:30:00";51592
"2024-05-06 05:40:00";51676
"2024-05-06 05:50:00";54633
"2024-05-06 06:00:00";54727
"2024-05-06 06:10:00";54146
"2024-05-06 06:20:00";54077
"2024-05-06 06:30:00";54582
"2024-05-06 06:40:00";55088
"2024-05-06 06:50:00";54681
"2024-05-06 07:00:00";54849
"2024-05-06 07:10:00";54005
"2024-05-06 07:20:00";53193
"2024-05-06 07:30:00";53777
"2024-05-06 07:40:00";52622
"2024-05-06 07:50:00";53368
"2024-05-06 08:00:00";53764
"2024-05-06 08:10:00";52739
"2024-05-06 08:20:00";52474
"2024-05-06 08:30:00";53635
"2024-05-06 08:40:00";54557
"2024-05-06 08:50:00";54954
"2024-05-06 09:00:00";56759
"2024-05-06 09:10:00";55932
"2024-05-06 09:20:00";56048
"2024-05-06 09:30:00";57206
"2024-05-06 09:40:00";57149
"2024-05-06 09:50:00";57475
"2024-05-06 10:00:00";57608
"2024-05-06 10:10:00";59813
"2024-05-06 10:20:00";60061
"2024-05-06 10:30:00";60184
"2024-05-06 10:40:00";59850
"2024-05-06 10:50:00";62319
"2024-05-06 11:00:00";62585
"2024-05-06 11:10:00";63463
"2024-05-06 11:20:00";64104
"2024-05-06 11:30:00";65158
"2024-05-06 11:40:00";64983
"2024-05-06 11:50:00";64756
"2024-05-06 12:00:00";64884
"2024-05-06 12:10:00";64941
"2024-05-06 12:20:00";64070
"2024-05-06 12:30:00";63087
"2024-05-06 12:40:00";61396
"2024-05-06 12:50:00";62279
"2024-05-06 13:00:00";62340
"2024-05-06 13:10:00";61518
"2024-05-06 13:20:00";61390
"2024-05-06 13:30:00";61212
"2024-05-06 13:40:00";60223
"2024-05-06 13:50:00";59207
"2024-05-06 14:00:00";64776
"2024-05-06 14:10:00";65777
"2024-05-06 14:20:00";67603
"2024-05-06 14:30:00";69469
"2024-05-06 14:40:00";69224
"2024-05-06 14:50:00";69020
"2024-05-06 15:00:00";70395
"2024-05-06 15:10:00";69315
"2024-05-06 15:20:00";69235
"2024-05-06 15:30:00";68650
"2024-05-06 15:40:00";68792
"2024-05-06 15:50:00";66793
"2024-05-06 16:00:00";65309
"2024-05-06 16:10:00";64819
"2024-05-06 16:20:00";64057
"2024-05-06 16:30:00";62677
"2024-05-06 16:40:00";62039
"2024-05-06 16:50:00";62476
"2024-05-06 17:00:00";61284
"2024-05-06 17:10:00";62571
"2024-05-06 17:20:00";63138
"2024-05-06 17:30:00";64076
"2024-05-06 17:40:00";71720
"2024-05-06 17:50:00";73809
"2024-05-06 18:00:00";74858
"2024-05-06 18:10:00";70350
"2024-05-06 18:20:00";72417
"2024-05-06 18:30:00";74481
"2024-05-06 18:40:00";75810
"2024-05-06 18:50:00";75545
"2024-05-06 19:00:00";74617
"2024-05-06 19:10:00";74230
"2024-05-06 19:20:00";73754
"2024-05-06 19:30:00";72491
"2024-05-06 19:40:00";70371
"2024-05-06 19:50:00";69006
"2024-05-06 20:00:00";70006
"2024-05-06 20:10:00";69484
"2024-05-06 20:20:00";67817
"2024-05-06 20:30:00";65492
"2024-05-06 20:40:00";66247
"2024-05-06 20:50:00";67835
"2024-05-06 21:00:00";67622
"2024-05-06 21:10:00";67535
"2024-05-06 21:20:00";66996
"2024-05-06 21:30:00";67220
"2024-05-06 21:40:00";65278
"2024-05-06 21:50:00";71009
"2024-05-06 22:00:00";72004
"2024-05-06 22:10:00";71822
"2024-05-06 22:20:00";70843
"2024-05-06 22:30:00";70736
"2024-05-06 22:40:00";69424
"2024-05-06 22:50:00";68212
"2024-05-06 23:00:00";67209
"2024-05-06 23:10:00";65709
"2024-05-06 23:20:00";63203
"2024-05-06 23:30:00";61439
"2024-05-06 23:40:00";59888
"2024-05-06 23:50:00";62579
"2024-05-07 00:00:00";61568
"2024-05-07 00:10:00";60583
"2024-05-07 00:20:00";60623
"2024-05-07 00:30:00";59755
"2024-05-07 00:40:00";59219
"2024-05-07 00:50:00";58682
"2024-05-07 01:00:00";58038
"2024-05-07 01:10:00";57263
"2024-05-07 01:20:00";56555
"2024-05-07 01:30:00";55380
"2024-05-07 01:40:00";59353
"2024-05-07 01:50:00";59802
"2024-05-07 02:00:00";60413
"2024-05-07 02:10:00";60829
"2024-05-07 02:20:00";61472
"2024-05-07 02:30:00";60078
"2024-05-07 02:40:00";60638
"2024-05-07 02:50:00";60530
"2024-05-07 03:00:00";59865
"2024-05-07 03:10:00";59531
"2024-05-07 03:20:00";58888
"2024-05-07 03:30:00";58102
"2024-05-07 03:40:00";56490
"2024-05-07 03:50:00";55655
"2024-05-07 04:00:00";56013
"2024-05-07 04:10:00";56269
"2024-05-07 04:20:00";55883
"2024-05-07 04:30:00";54475
"2024-05-07 04:40:00";53786
"2024-05-07 04:50:00";55059
"2024-05-07 05:00:00";55984
"2024-05-07 05:10:00";57353
"2024-05-07 05:20:00";57462
"2024-05-07 05:30:00";57604
"2024-05-07 05:40:00";57951
"2024-05-07 05:50:00";58424
"2024-05-07 06:00:00";60203
"2024-05-07 06:10:00";59858
"2024-05-07 06:20:00";60309
"2024-05-07 06:30:00";62981
"2024-05-07 06:40:00";63350
"2024-05-07 06:50:00";63780
"2024-05-07 07:00:00";62242
"2024-05-07 07:10:00";61936
"2024-05-07 07:20:00";65249
"2024-05-07 07:30:00";67351
"2024-05-07 07:40:00";67614
"2024-05-07 07:50:00";66092
"2024-05-07 08:00:00";65966
"2024-05-07 08:10:00";65284
"2024-05-07 08:20:00";63330
"2024-05-07 08:30:00";66689
"2024-05-07 08:40:00";66867
"2024-05-07 08:50:00";66781
"2024-05-07 09:00:00";66554
"2024-05-07 09:10:00";65604
"2024-05-07 09:20:00";65728
"2024-05-07 09:30:00";66737
"2024-05-07 09:40:00";67082
"2024-05-07 09:50:00";68732
"2024-05-07 10:00:00";70407
"2024-05-07 10:10:00";71526
"2024-05-07 10:20:00";72182
"2024-05-07 10:30:00";71501
"2024-05-07 10:40:00";68145
"2024-05-07 10:50:00";64428
"2024-05-07 11:00:00";64873
"2024-05-07 11:10:00";64296
"2024-05-07 11:20:00";64755
"2024-05-07 11:30:00";70656
"2024-05-07 11:40:00";70786
"2024-05-07 11:50:00";70506
"2024-05-07 12:00:00";70283
"2024-05-07 12:10:00";68911
"2024-05-07 12:20:00";66932
"2024-05-07 12:30:00";67495
"2024-05-07 12:40:00";66897
"2024-05-07 12:50:00";66658
"2024-05-07 13:00:00";65502
"2024-05-07 13:10:00";65398
"2024-05-07 13:20:00";66395
"2024-05-07 13:30:00";68496
"2024-05-07 13:40:00";68765
"2024-05-07 13:50:00";66785
"2024-05-07 14:00:00";65430
"2024-05-07 14:10:00";64448
"2024-05-07 14:20:00";64980
"2024-05-07 14:30:00";65425
"2024-05-07 14:40:00";66024
"2024-05-07 14:50:00";67136
"2024-05-07 15:00:00";67343
"2024-05-07 15:10:00";66938
"2024-05-07 15:20:00";69480
"2024-05-07 15:30:00";69737
"2024-05-07 15:40:00";70526
"2024-05-07 15:50:00";74438
"2024-05-07 16:00:00";75605
"2024-05-07 16:10:00";75402
"2024-05-07 16:20:00";76158
"2024-05-07 16:30:00";75533
"2024-05-07 16:40:00";74375
"2024-05-07 16:50:00";74753
"2024-05-07 17:00:00";74319
"2024-05-07 17:10:00";74024
"2024-05-07 17:20:00";72703
"2024-05-07 17:30:00";72448
"2024-05-07 17:40:00";72608
"2024-05-07 17:50:00";71644
"2024-05-07 18:00:00";72295
"2024-05-07 18:10:00";71454
"2024-05-07 18:20:00";71671
"2024-05-07 18:30:00";71279
"2024-05-07 18:40:00";69901
"2024-05-07 18:50:00";69429
"2024-05-07 19:00:00";71441
"2024-05-07 19:10:00";69953
"2024-05-07 19:20:00";68813
"2024-05-07 19:30:00";69904
"2024-05-07 19:40:00";69979
"2024-05-07 19:50:00";70595
"2024-05-07 20:00:00";70476
"2024-05-07 20:10:00";72531
"2024-05-07 20:20:00";72128
"2024-05-07 20:30:00";71324
"2024-05-07 20:40:00";70713
"2024-05-07 20:50:00";69072
"2024-05-07 21:00:00";67775
"2024-05-07 21:10:00";66165
"2024-05-07 21:20:00";66025
"2024-05-07 21:30:00";65450
"2024-05-07 21:40:00";65753
"2024-05-07 21:50:00";64716
"2024-05-07 22:00:00";64160
"2024-05-07 22:10:00";62342
"2024-05-07 22:20:00";62307
"2024-05-07 22:30:00";32200
"2024-05-07 22:40:00";53058
"2024-05-07 22:50:00";59353
"2024-05-07 23:00:00";61263
"2024-05-07 23:10:00";60760
"2024-05-07 23:20:00";60711
"2024-05-07 23:30:00";64786
"2024-05-07 23:40:00";65477
"2024-05-07 23:50:00";66679
"2024-05-08 00:00:00";66145
"2024-05-08 00:10:00";63795
"2024-05-08 00:20:00";64817
"2024-05-08 00:30:00";65482
"2024-05-08 00:40:00";66085
"2024-05-08 00:50:00";66134
"2024-05-08 01:00:00";64570
"2024-05-08 01:10:00";63436
"2024-05-08 01:20:00";63931
"2024-05-08 01:30:00";62570
"2024-05-08 01:40:00";62044
"2024-05-08 01:50:00";62253
"2024-05-08 02:00:00";64456
"2024-05-08 02:10:00";63870
"2024-05-08 02:20:00";64113
"2024-05-08 02:30:00";64479
"2024-05-08 02:40:00";64226
"2024-05-08 02:50:00";64497
"2024-05-08 03:00:00";62413
"2024-05-08 03:10:00";63674
"2024-05-08 03:20:00";64108
"2024-05-08 03:30:00";66813
"2024-05-08 03:40:00";65680
"2024-05-08 03:50:00";66123
"2024-05-08 04:00:00";65233
"2024-05-08 04:10:00";63891
"2024-05-08 04:20:00";62332
"2024-05-08 04:30:00";63184
"2024-05-08 04:40:00";67051
"2024-05-08 04:50:00";67561
"2024-05-08 05:00:00";66554
"2024-05-08 05:10:00";65660
"2024-05-08 05:20:00";64127
"2024-05-08 05:30:00";62469
"2024-05-08 05:40:00";61561
"2024-05-08 05:50:00";65898
"2024-05-08 06:00:00";66674
"2024-05-08 06:10:00";65327
"2024-05-08 06:20:00";63496
"2024-05-08 06:30:00";61563
"2024-05-08 06:40:00";59729
"2024-05-08 06:50:00";57867
"2024-05-08 07:00:00";54169
"2024-05-08 07:10:00";27154
"2024-05-08 07:20:00";9180
"2024-05-08 07:30:00";5577
"2024-05-08 07:40:00";4977
"2024-05-08 07:50:00";4893
"2024-05-08 08:00:00";4184
"2024-05-08 08:10:00";2688
"2024-05-08 08:20:00";2484
"2024-05-08 08:30:00";1958
"2024-05-08 08:40:00";1978
"2024-05-08 08:50:00";1854
"2024-05-08 09:00:00";1844
"2024-05-08 09:10:00";1826
"2024-05-08 09:20:00";2079
"2024-05-08 09:30:00";3090
"2024-05-08 09:40:00";5844
"2024-05-08 09:50:00";9861
"2024-05-08 10:00:00";9889
"2024-05-08 10:10:00";11283
"2024-05-08 10:20:00";13290
"2024-05-08 10:30:00";14856
"2024-05-08 10:40:00";15824
"2024-05-08 10:50:00";19323
"2024-05-08 11:00:00";19828
"2024-05-08 11:10:00";24966
"2024-05-08 11:20:00";27562
"2024-05-08 11:30:00";28020
"2024-05-08 11:40:00";26968
"2024-05-08 11:50:00";28820
"2024-05-08 12:00:00";30140
"2024-05-08 12:10:00";30421
"2024-05-08 12:20:00";32960
"2024-05-08 12:30:00";33322
"2024-05-08 12:40:00";34176
"2024-05-08 12:50:00";35743
"2024-05-08 13:00:00";37526
"2024-05-08 13:10:00";38774
"2024-05-08 13:20:00";40210
"2024-05-08 13:30:00";42244
"2024-05-08 13:40:00";43631
"2024-05-08 13:50:00";45946
"2024-05-08 14:00:00";48900
"2024-05-08 14:10:00";54131
"2024-05-08 14:20:00";56846
"2024-05-08 14:30:00";59879
"2024-05-08 14:40:00";63343
"2024-05-08 14:50:00";65640
"2024-05-08 15:00:00";66671
"2024-05-08 15:10:00";66954
"2024-05-08 15:20:00";67449
"2024-05-08 15:30:00";68984
"2024-05-08 15:40:00";73759
"2024-05-08 15:50:00";74216
"2024-05-08 16:00:00";78554
"2024-05-08 16:10:00";78903
"2024-05-08 16:20:00";77881
"2024-05-08 16:30:00";80934
"2024-05-08 16:40:00";81149
"2024-05-08 16:50:00";81891
"2024-05-08 17:00:00";80420
"2024-05-08 17:10:00";82996
"2024-05-08 17:20:00";82546
"2024-05-08 17:30:00";81689
"2024-05-08 17:40:00";81611
"2024-05-08 17:50:00";80580
"2024-05-08 18:00:00";82366
"2024-05-08 18:10:00";83462
"2024-05-08 18:20:00";82786
"2024-05-08 18:30:00";83210
"2024-05-08 18:40:00";82742
"2024-05-08 18:50:00";81665
"2024-05-08 19:00:00";78808
"2024-05-08 19:10:00";74890
"2024-05-08 19:20:00";73490
"2024-05-08 19:30:00";74394
"2024-05-08 19:40:00";75198
"2024-05-08 19:50:00";74863
"2024-05-08 20:00:00";74242
"2024-05-08 20:10:00";73463
"2024-05-08 20:20:00";72905
"2024-05-08 20:30:00";69527
"2024-05-08 20:40:00";68248
"2024-05-08 20:50:00";69177
"2024-05-08 21:00:00";71095
"2024-05-08 21:10:00";73017
"2024-05-08 21:20:00";70431
"2024-05-08 21:30:00";73019
"2024-05-08 21:40:00";71635
"2024-05-08 21:50:00";69905
"2024-05-08 22:00:00";72043
"2024-05-08 22:10:00";74213
"2024-05-08 22:20:00";73596
"2024-05-08 22:30:00";72888
"2024-05-08 22:40:00";72787
"2024-05-08 22:50:00";74164
"2024-05-08 23:00:00";75418
"2024-05-08 23:10:00";76321
"2024-05-08 23:20:00";76063
"2024-05-08 23:30:00";75784
"2024-05-08 23:40:00";75245
"2024-05-08 23:50:00";73468
"2024-05-09 00:00:00";73953
"2024-05-09 00:10:00";71726
"2024-05-09 00:20:00";71027
"2024-05-09 00:30:00";69942
"2024-05-09 00:40:00";69211
"2024-05-09 00:50:00";68857
"2024-05-09 01:00:00";70128
"2024-05-09 01:10:00";69779
"2024-05-09 01:20:00";69577
"2024-05-09 01:30:00";69932
"2024-05-09 01:40:00";68996
"2024-05-09 01:50:00";69471
"2024-05-09 02:00:00";68968
"2024-05-09 02:10:00";69978
"2024-05-09 02:20:00";68835
"2024-05-09 02:30:00";68877
"2024-05-09 02:40:00";68294
"2024-05-09 02:50:00";67063
"2024-05-09 03:00:00";66836
"2024-05-09 03:10:00";66774
"2024-05-09 03:20:00";65958
"2024-05-09 03:30:00";63403
"2024-05-09 03:40:00";64637
"2024-05-09 03:50:00";64126
"2024-05-09 04:00:00";62630
"2024-05-09 04:10:00";63269
"2024-05-09 04:20:00";63337
"2024-05-09 04:30:00";62226
"2024-05-09 04:40:00";60826
"2024-05-09 04:50:00";63714
"2024-05-09 05:00:00";65386
"2024-05-09 05:10:00";65426
"2024-05-09 05:20:00";63729
"2024-05-09 05:30:00";63141
"2024-05-09 05:40:00";63779
"2024-05-09 05:50:00";63563
"2024-05-09 06:00:00";63817
"2024-05-09 06:10:00";63945
"2024-05-09 06:20:00";64684
"2024-05-09 06:30:00";64475
"2024-05-09 06:40:00";64731
"2024-05-09 06:50:00";64443
"2024-05-09 07:00:00";64902
"2024-05-09 07:10:00";65000
"2024-05-09 07:20:00";65368
"2024-05-09 07:30:00";67013
"2024-05-09 07:40:00";66645
"2024-05-09 07:50:00";65217
"2024-05-09 08:00:00";64622
"2024-05-09 08:10:00";64644
"2024-05-09 08:20:00";64264
"2024-05-09 08:30:00";63677
"2024-05-09 08:40:00";64389
"2024-05-09 08:50:00";64627
"2024-05-09 09:00:00";64726
"2024-05-09 09:10:00";64229
"2024-05-09 09:20:00";64567
"2024-05-09 09:30:00";64280
"2024-05-09 09:40:00";63620
"2024-05-09 09:50:00";65042
"2024-05-09 10:00:00";65970
"2024-05-09 10:10:00";67095
"2024-05-09 10:20:00";67288
"2024-05-09 10:30:00";67896
"2024-05-09 10:40:00";69425
"2024-05-09 10:50:00";70831
"2024-05-09 11:00:00";71902
"2024-05-09 11:10:00";72841
"2024-05-09 11:20:00";72918
"2024-05-09 11:30:00";72970
"2024-05-09 11:40:00";72181
"2024-05-09 11:50:00";71020
"2024-05-09 12:00:00";71396
"2024-05-09 12:10:00";71007
"2024-05-09 12:20:00";72109
"2024-05-09 12:30:00";72879
"2024-05-09 12:40:00";72795
"2024-05-09 12:50:00";71819
"2024-05-09 13:00:00";70892
"2024-05-09 13:10:00";70543
"2024-05-09 13:20:00";70795
"2024-05-09 13:30:00";70630
"2024-05-09 13:40:00";70463
"2024-05-09 13:50:00";71098
"2024-05-09 14:00:00";71409
"2024-05-09 14:10:00";71782
"2024-05-09 14:20:00";72656
"2024-05-09 14:30:00";73698
"2024-05-09 14:40:00";73812
"2024-05-09 14:50:00";73018
"2024-05-09 15:00:00";73319
"2024-05-09 15:10:00";73073
"2024-05-09 15:20:00";72015
"2024-05-09 15:30:00";72225
"2024-05-09 15:40:00";71254
"2024-05-09 15:50:00";71078
"2024-05-09 16:00:00";71835
"2024-05-09 16:10:00";72144
"2024-05-09 16:20:00";71611
"2024-05-09 16:30:00";70320
"2024-05-09 16:40:00";69426
"2024-05-09 16:50:00";69669
"2024-05-09 17:00:00";69720
"2024-05-09 17:10:00";71333
"2024-05-09 17:20:00";71576
"2024-05-09 17:30:00";73568
"2024-05-09 17:40:00";73974
"2024-05-09 17:50:00";73824
"2024-05-09 18:00:00";74239
"2024-05-09 18:10:00";74521
"2024-05-09 18:20:00";74485
"2024-05-09 18:30:00";73586
"2024-05-09 18:40:00";73878
"2024-05-09 18:50:00";73667
"2024-05-09 19:00:00";74133
"2024-05-09 19:10:00";73656
"2024-05-09 19:20:00";74906
"2024-05-09 19:30:00";74820
"2024-05-09 19:40:00";75074
"2024-05-09 19:50:00";76784
"2024-05-09 20:00:00";76986
"2024-05-09 20:10:00";76862
"2024-05-09 20:20:00";76987
"2024-05-09 20:30:00";76648
"2024-05-09 20:40:00";76714
"2024-05-09 20:50:00";76089
"2024-05-09 21:00:00";75627
"2024-05-09 21:10:00";74468
"2024-05-09 21:20:00";72719
"2024-05-09 21:30:00";71230
"2024-05-09 21:40:00";70650
"2024-05-09 21:50:00";69364
"2024-05-09 22:00:00";68288
"2024-05-09 22:10:00";66332
"2024-05-09 22:20:00";65137
"2024-05-09 22:30:00";63922
"2024-05-09 22:40:00";63094
"2024-05-09 22:50:00";62297
"2024-05-09 23:00:00";61838
"2024-05-09 23:10:00";59951
"2024-05-09 23:20:00";60858
"2024-05-09 23:30:00";61030
"2024-05-09 23:40:00";59758
"2024-05-09 23:50:00";63249
"2024-05-10 00:00:00";63060
"2024-05-10 00:10:00";64524
"2024-05-10 00:20:00";64473
"2024-05-10 00:30:00";63775
"2024-05-10 00:40:00";62751
"2024-05-10 00:50:00";63582
"2024-05-10 01:00:00";63700
"2024-05-10 01:10:00";61741
"2024-05-10 01:20:00";62589
"2024-05-10 01:30:00";62708
"2024-05-10 01:40:00";61701
"2024-05-10 01:50:00";61171
"2024-05-10 02:00:00";60903
"2024-05-10 02:10:00";61344
"2024-05-10 02:20:00";62695
"2024-05-10 02:30:00";63903
"2024-05-10 02:40:00";65459
"2024-05-10 02:50:00";65517
"2024-05-10 03:00:00";65904
"2024-05-10 03:10:00";65030
"2024-05-10 03:20:00";63505
"2024-05-10 03:30:00";63115
"2024-05-10 03:40:00";61859
"2024-05-10 03:50:00";62786
"2024-05-10 04:00:00";62693
"2024-05-10 04:10:00";59410
"2024-05-10 04:20:00";58317
"2024-05-10 04:30:00";56317
"2024-05-10 04:40:00";55672
"2024-05-10 04:50:00";55882
"2024-05-10 05:00:00";55677
"2024-05-10 05:10:00";55582
"2024-05-10 05:20:00";54848
"2024-05-10 05:30:00";54488
"2024-05-10 05:40:00";53392
"2024-05-10 05:50:00";53421
"2024-05-10 06:00:00";53964
"2024-05-10 06:10:00";53554
"2024-05-10 06:20:00";53514
"2024-05-10 06:30:00";53616
"2024-05-10 06:40:00";56680
"2024-05-10 06:50:00";58128
"2024-05-10 07:00:00";62972
"2024-05-10 07:10:00";62334
"2024-05-10 07:20:00";57696
"2024-05-10 07:30:00";57826
"2024-05-10 07:40:00";56351
"2024-05-10 07:50:00";58434
"2024-05-10 08:00:00";59182
"2024-05-10 08:10:00";59082
"2024-05-10 08:20:00";59006
"2024-05-10 08:30:00";60063
"2024-05-10 08:40:00";60471
"2024-05-10 08:50:00";60502
"2024-05-10 09:00:00";60250
"2024-05-10 09:10:00";58942
"2024-05-10 09:20:00";60264
"2024-05-10 09:30:00";63840
"2024-05-10 09:40:00";65102
"2024-05-10 09:50:00";66269
"2024-05-10 10:00:00";71027
"2024-05-10 10:10:00";74128
"2024-05-10 10:20:00";73295
"2024-05-10 10:30:00";73310
"2024-05-10 10:40:00";73416
"2024-05-10 10:50:00";72792
"2024-05-10 11:00:00";74650
"2024-05-10 11:10:00";75313
"2024-05-10 11:20:00";77323
"2024-05-10 11:30:00";77306
"2024-05-10 11:40:00";77151
"2024-05-10 11:50:00";76779
"2024-05-10 12:00:00";77186
"2024-05-10 12:10:00";77036
"2024-05-10 12:20:00";76091
"2024-05-10 12:30:00";76255
"2024-05-10 12:40:00";75402
"2024-05-10 12:50:00";74214
"2024-05-10 13:00:00";74382
"2024-05-10 13:10:00";74750
"2024-05-10 13:20:00";74339
"2024-05-10 13:30:00";74280
"2024-05-10 13:40:00";74325
"2024-05-10 13:50:00";73137
"2024-05-10 14:00:00";73655
"2024-05-10 14:10:00";74184
"2024-05-10 14:20:00";73773
"2024-05-10 14:30:00";75819
"2024-05-10 14:40:00";75680
"2024-05-10 14:50:00";76646
"2024-05-10 15:00:00";77972
"2024-05-10 15:10:00";79914
"2024-05-10 15:20:00";79402
"2024-05-10 15:30:00";79117
"2024-05-10 15:40:00";78000
"2024-05-10 15:50:00";78942
"2024-05-10 16:00:00";78790
"2024-05-10 16:10:00";76821
"2024-05-10 16:20:00";77989
"2024-05-10 16:30:00";78865
"2024-05-10 16:40:00";78394
"2024-05-10 16:50:00";78221
"2024-05-10 17:00:00";76242
"2024-05-10 17:10:00";76049
"2024-05-10 17:20:00";77731
"2024-05-10 17:30:00";78190
"2024-05-10 17:40:00";76991
"2024-05-10 17:50:00";77028
"2024-05-10 18:00:00";76610
"2024-05-10 18:10:00";76299
"2024-05-10 18:20:00";72427
"2024-05-10 18:30:00";74193
"2024-05-10 18:40:00";78454
"2024-05-10 18:50:00";79362
"2024-05-10 19:00:00";81895
"2024-05-10 19:10:00";82330
"2024-05-10 19:20:00";81965
"2024-05-10 19:30:00";82746
"2024-05-10 19:40:00";80329
"2024-05-10 19:50:00";79753
"2024-05-10 20:00:00";79204
"2024-05-10 20:10:00";79786
"2024-05-10 20:20:00";80472
"2024-05-10 20:30:00";80187
"2024-05-10 20:40:00";81269
"2024-05-10 20:50:00";81035
"2024-05-10 21:00:00";78882
"2024-05-10 21:10:00";77694
"2024-05-10 21:20:00";80076
"2024-05-10 21:30:00";79643
"2024-05-10 21:40:00";79224
"2024-05-10 21:50:00";79963
"2024-05-10 22:00:00";79404
"2024-05-10 22:10:00";79190
"2024-05-10 22:20:00";79171
"2024-05-10 22:30:00";78553
"2024-05-10 22:40:00";78395
"2024-05-10 22:50:00";78914
"2024-05-10 23:00:00";78898
"2024-05-10 23:10:00";77776
"2024-05-10 23:20:00";77513
"2024-05-10 23:30:00";76855
"2024-05-10 23:40:00";76121
"2024-05-10 23:50:00";74759
"2024-05-11 00:00:00";74793
"2024-05-11 00:10:00";73980
"2024-05-11 00:20:00";72904
"2024-05-11 00:30:00";72093
"2024-05-11 00:40:00";67972
"2024-05-11 00:50:00";67905
"2024-05-11 01:00:00";68811
"2024-05-11 01:10:00";68499
"2024-05-11 01:20:00";69105
"2024-05-11 01:30:00";68266
"2024-05-11 01:40:00";68982
"2024-05-11 01:50:00";68506
"2024-05-11 02:00:00";70222
"2024-05-11 02:10:00";70519
"2024-05-11 02:20:00";73669
"2024-05-11 02:30:00";74127
"2024-05-11 02:40:00";74516
"2024-05-11 02:50:00";73379
"2024-05-11 03:00:00";72675
"2024-05-11 03:10:00";72843
"2024-05-11 03:20:00";74393
"2024-05-11 03:30:00";74081
"2024-05-11 03:40:00";73170
"2024-05-11 03:50:00";71871
"2024-05-11 04:00:00";71524
"2024-05-11 04:10:00";71787
"2024-05-11 04:20:00";72788
"2024-05-11 04:30:00";73068
"2024-05-11 04:40:00";73291
"2024-05-11 04:50:00";72748
"2024-05-11 05:00:00";71488
"2024-05-11 05:10:00";72190
"2024-05-11 05:20:00";71508
"2024-05-11 05:30:00";70425
"2024-05-11 05:40:00";70123
"2024-05-11 05:50:00";70101
"2024-05-11 06:00:00";69763
"2024-05-11 06:10:00";69327
"2024-05-11 06:20:00";71869
"2024-05-11 06:30:00";72570
"2024-05-11 06:40:00";72399
"2024-05-11 06:50:00";71305
"2024-05-11 07:00:00";70125
"2024-05-11 07:10:00";70003
"2024-05-11 07:20:00";70154
"2024-05-11 07:30:00";69582
"2024-05-11 07:40:00";68596
"2024-05-11 07:50:00";69116
"2024-05-11 08:00:00";70545
"2024-05-11 08:10:00";71811
"2024-05-11 08:20:00";74589
"2024-05-11 08:30:00";75002
"2024-05-11 08:40:00";75061
"2024-05-11 08:50:00";74728
"2024-05-11 09:00:00";72713
"2024-05-11 09:10:00";75159
"2024-05-11 09:20:00";76659
"2024-05-11 09:30:00";76354
"2024-05-11 09:40:00";75802
"2024-05-11 09:50:00";76101
"2024-05-11 10:00:00";75473
"2024-05-11 10:10:00";75354
"2024-05-11 10:20:00";76423
"2024-05-11 10:30:00";75994
"2024-05-11 10:40:00";76025
"2024-05-11 10:50:00";74486
"2024-05-11 11:00:00";74828
"2024-05-11 11:10:00";75231
"2024-05-11 11:20:00";74859
"2024-05-11 11:30:00";74566
"2024-05-11 11:40:00";74529
"2024-05-11 11:50:00";76007
"2024-05-11 12:00:00";76202
"2024-05-11 12:10:00";75098
"2024-05-11 12:20:00";72531
"2024-05-11 12:30:00";73064
"2024-05-11 12:40:00";72075
"2024-05-11 12:50:00";71190
"2024-05-11 13:00:00";71973
"2024-05-11 13:10:00";71688
"2024-05-11 13:20:00";72283
"2024-05-11 13:30:00";72939
"2024-05-11 13:40:00";72347
"2024-05-11 13:50:00";72405
"2024-05-11 14:00:00";73263
"2024-05-11 14:10:00";74267
"2024-05-11 14:20:00";74984
"2024-05-11 14:30:00";74143
"2024-05-11 14:40:00";74550
"2024-05-11 14:50:00";75011
"2024-05-11 15:00:00";74619
"2024-05-11 15:10:00";74861
"2024-05-11 15:20:00";74104
"2024-05-11 15:30:00";74836
"2024-05-11 15:40:00";74526
"2024-05-11 15:50:00";74047
"2024-05-11 16:00:00";73735
"2024-05-11 16:10:00";74426
"2024-05-11 16:20:00";75078
"2024-05-11 16:30:00";75157
"2024-05-11 16:40:00";73080
"2024-05-11 16:50:00";70555
"2024-05-11 17:00:00";72556
"2024-05-11 17:10:00";75300
"2024-05-11 17:20:00";77314
"2024-05-11 17:30:00";75949
"2024-05-11 17:40:00";75931
"2024-05-11 17:50:00";77412
"2024-05-11 18:00:00";77984
"2024-05-11 18:10:00";77946
"2024-05-11 18:20:00";78585
"2024-05-11 18:30:00";79108
"2024-05-11 18:40:00";80478
"2024-05-11 18:50:00";80890
"2024-05-11 19:00:00";80943
"2024-05-11 19:10:00";81947
"2024-05-11 19:20:00";82234
"2024-05-11 19:30:00";81822
"2024-05-11 19:40:00";81779
"2024-05-11 19:50:00";82134
"2024-05-11 20:00:00";83358
"2024-05-11 20:10:00";83829
"2024-05-11 20:20:00";82650
"2024-05-11 20:30:00";82175
"2024-05-11 20:40:00";78755
"2024-05-11 20:50:00";80032
"2024-05-11 21:00:00";80072
"2024-05-11 21:10:00";79019
"2024-05-11 21:20:00";77766
"2024-05-11 21:30:00";78204
"2024-05-11 21:40:00";77517
"2024-05-11 21:50:00";75959
"2024-05-11 22:00:00";76739
"2024-05-11 22:10:00";75410
"2024-05-11 22:20:00";74182
"2024-05-11 22:30:00";73409
"2024-05-11 22:40:00";72509
"2024-05-11 22:50:00";70577
"2024-05-11 23:00:00";71515
"2024-05-11 23:10:00";71557
"2024-05-11 23:20:00";70278
"2024-05-11 23:30:00";69027
"2024-05-11 23:40:00";67752
"2024-05-11 23:50:00";66499
"2024-05-12 00:00:00";66106
"2024-05-12 00:10:00";65404
"2024-05-12 00:20:00";64215
"2024-05-12 00:30:00";63447
"2024-05-12 00:40:00";62793
"2024-05-12 00:50:00";62134
"2024-05-12 01:00:00";60364
"2024-05-12 01:10:00";60335
"2024-05-12 01:20:00";59886
"2024-05-12 01:30:00";59948
"2024-05-12 01:40:00";57823
"2024-05-12 01:50:00";58549
"2024-05-12 02:00:00";60726
"2024-05-12 02:10:00";62045
"2024-05-12 02:20:00";61968
"2024-05-12 02:30:00";63438
"2024-05-12 02:40:00";63123
"2024-05-12 02:50:00";63002
"2024-05-12 03:00:00";63116
"2024-05-12 03:10:00";62383
"2024-05-12 03:20:00";60862
"2024-05-12 03:30:00";60462
"2024-05-12 03:40:00";59643
"2024-05-12 03:50:00";60167
"2024-05-12 04:00:00";62884
"2024-05-12 04:10:00";64624
"2024-05-12 04:20:00";66046
"2024-05-12 04:30:00";68782
"2024-05-12 04:40:00";72830
"2024-05-12 04:50:00";73997
"2024-05-12 05:00:00";74561
"2024-05-12 05:10:00";75213
"2024-05-12 05:20:00";74503
"2024-05-12 05:30:00";74921
"2024-05-12 05:40:00";74366
"2024-05-12 05:50:00";73077
"2024-05-12 06:00:00";71333
"2024-05-12 06:10:00";68142
"2024-05-12 06:20:00";66671
"2024-05-12 06:30:00";65625
"2024-05-12 06:40:00";65552
"2024-05-12 06:50:00";66222
"2024-05-12 07:00:00";66485
"2024-05-12 07:10:00";66384
"2024-05-12 07:20:00";65682
"2024-05-12 07:30:00";66242
"2024-05-12 07:40:00";67637
"2024-05-12 07:50:00";70582
"2024-05-12 08:00:00";68781
"2024-05-12 08:10:00";67077
"2024-05-12 08:20:00";66475
"2024-05-12 08:30:00";65332
"2024-05-12 08:40:00";64685
"2024-05-12 08:50:00";65014
"2024-05-12 09:00:00";61816
"2024-05-12 09:10:00";60955
"2024-05-12 09:20:00";60582
"2024-05-12 09:30:00";61863
"2024-05-12 09:40:00";60978
"2024-05-12 09:50:00";60720
"2024-05-12 10:00:00";61053
"2024-05-12 10:10:00";62130
"2024-05-12 10:20:00";60611
"2024-05-12 10:30:00";61265
"2024-05-12 10:40:00";61452
"2024-05-12 10:50:00";64011
"2024-05-12 11:00:00";64132
"2024-05-12 11:10:00";62703
"2024-05-12 11:20:00";64726
"2024-05-12 11:30:00";64516
"2024-05-12 11:40:00";66427
"2024-05-12 11:50:00";68079
"2024-05-12 12:00:00";68939
"2024-05-12 12:10:00";70971
"2024-05-12 12:20:00";73492
"2024-05-12 12:30:00";73488